Suma de Cantidad,DiaSemana,Fecha,Fecha-Ruta,IngresoPromedioTicket,IngresosPorPasajero,Suma de IngresosPorTicket,IngresosTotales,ObjetivoTotal,Suma de ObjetivoVentas,Suma de Pasajeros,PorcentajeCumplimiento,Suma de PrecioUnit,Producto,Ranking Productos,Ruta,Recuento de TicketID
2,Friday,2024-01-05 00:00:00,2024-01-05_BCN-MAD,1472,18.17283950617284,1472,1472,851,851,81,"172,97 %",736,Cerveza,1,BCN-MAD,1
1,Friday,2024-01-05 00:00:00,2024-01-05_MAD-BCN,187,1.6403508771929824,187,187,346,346,114,"54,05 %",187,Agua,1,MAD-BCN,1
2,Friday,2024-01-05 00:00:00,2024-01-05_MAD-BCN,2214,28.753246753246753,2214,2214,1236,1236,77,"179,13 %",1107,Cerveza,1,MAD-BCN,1
1,Friday,2024-01-05 00:00:00,2024-01-05_MAD-PMI,365,2.9918032786885247,365,365,1061,1061,122,"34,40 %",365,Café,1,MAD-PMI,1
2,Friday,2024-01-05 00:00:00,2024-01-05_PMI-MAD,124,0.7607361963190185,124,124,421,421,163,"29,45 %",62,Snack,1,PMI-MAD,1
3,Friday,2024-01-12 00:00:00,2024-01-12_BCN-MAD,93,0.7265625,93,93,621,621,128,"14,98 %",31,Café,1,BCN-MAD,1
2,Friday,2024-01-12 00:00:00,2024-01-12_MAD-BCN,1926,30.571428571428573,1926,1926,1070,1070,63,"180,00 %",963,Café,1,MAD-BCN,1
3,Friday,2024-01-12 00:00:00,2024-01-12_MAD-BCN,1074,14.712328767123287,1074,1074,1259,1259,73,"85,31 %",358,Snack,1,MAD-BCN,1
1,Friday,2024-01-12 00:00:00,2024-01-12_PMI-MAD,1062,19.666666666666668,1062,1062,1688,1688,54,"62,91 %",1062,Bocadillo,1,PMI-MAD,1
3,Friday,2024-01-12 00:00:00,2024-01-12_PMI-MAD,2286,43.132075471698116,2286,2286,694,694,53,"329,39 %",762,Cerveza,1,PMI-MAD,1
3,Friday,2024-01-19 00:00:00,2024-01-19_BCN-MAD,1464,14.495049504950495,1464,1464,1263,1263,101,"115,91 %",488,Agua,1,BCN-MAD,1
2,Friday,2024-01-19 00:00:00,2024-01-19_MAD-PMI,2170,10.533980582524272,2170,2170,955,955,206,"227,23 %",1085,Bocadillo,1,MAD-PMI,1
3,Friday,2024-01-19 00:00:00,2024-01-19_MAD-PMI,1632,6.915254237288136,1632,1632,1570,1570,236,"103,95 %",544,Café,1,MAD-PMI,1
2,Friday,2024-01-19 00:00:00,2024-01-19_PMI-MAD,1352,6.438095238095238,1352,1352,920,920,210,"146,96 %",676,Cerveza,1,PMI-MAD,1
3,Friday,2024-01-19 00:00:00,2024-01-19_PMI-MAD,120,0.8108108108108109,120,120,932,932,148,"12,88 %",40,Snack,1,PMI-MAD,1
1,Friday,2024-01-26 00:00:00,2024-01-26_BCN-MAD,75,0.3393665158371041,75,75,1844,1844,221,"4,07 %",75,Agua,1,BCN-MAD,1
1,Friday,2024-01-26 00:00:00,2024-01-26_MAD-PMI,489,3.372413793103448,489,489,1701,1701,145,"28,75 %",489,Café,1,MAD-PMI,1
3,Friday,2024-01-26 00:00:00,2024-01-26_MAD-PMI,3018,60.36,3018,3018,1570,1570,50,"192,23 %",1006,Cerveza,1,MAD-PMI,1
2,Friday,2024-01-26 00:00:00,2024-01-26_MAD-PMI,1332,6.224299065420561,1332,1332,1468,1468,214,"90,74 %",666,Refresco,1,MAD-PMI,1
2,Friday,2024-01-26 00:00:00,2024-01-26_PMI-MAD,2238,10.36111111111111,2238,2238,1652,1652,216,"135,47 %",1119,Snack,1,PMI-MAD,1
2,Friday,2024-02-02 00:00:00,2024-02-02_BCN-MAD,1842,23.025,1842,1842,746,746,80,"246,92 %",921,Bocadillo,1,BCN-MAD,1
2,Friday,2024-02-02 00:00:00,2024-02-02_MAD-BCN,593.5,3.3342696629213484,1187,1187,2836,2836,356,"41,85 %",1187,Agua,1,MAD-BCN,2
2,Friday,2024-02-02 00:00:00,2024-02-02_MAD-BCN,536,5.254901960784314,536,536,1242,1242,102,"43,16 %",268,Café,1,MAD-BCN,1
3,Friday,2024-02-02 00:00:00,2024-02-02_PMI-MAD,825,11.956521739130435,825,825,1695,1695,69,"48,67 %",275,Bocadillo,1,PMI-MAD,1
3,Friday,2024-02-09 00:00:00,2024-02-09_BCN-MAD,3234,23.605839416058394,3234,3234,477,477,137,"677,99 %",1078,Agua,1,BCN-MAD,1
1,Friday,2024-02-09 00:00:00,2024-02-09_BCN-MAD,1134,5.108108108108108,1134,1134,1214,1214,222,"93,41 %",1134,Bocadillo,1,BCN-MAD,1
3,Friday,2024-02-09 00:00:00,2024-02-09_BCN-MAD,3207,27.41025641025641,3207,3207,1552,1552,117,"206,64 %",1069,Café,1,BCN-MAD,1
1,Friday,2024-02-09 00:00:00,2024-02-09_MAD-BCN,789,7.514285714285714,789,789,1258,1258,105,"62,72 %",789,Agua,1,MAD-BCN,1
1,Friday,2024-02-09 00:00:00,2024-02-09_PMI-MAD,63,0.6237623762376238,63,63,1384,1384,101,"4,55 %",63,Agua,1,PMI-MAD,1
3,Friday,2024-02-16 00:00:00,2024-02-16_BCN-MAD,1482,15.278350515463918,1482,1482,1277,1277,97,"116,05 %",494,Agua,1,BCN-MAD,1
1,Friday,2024-02-16 00:00:00,2024-02-16_MAD-BCN,1145,5.782828282828283,1145,1145,848,848,198,"135,02 %",1145,Bocadillo,1,MAD-BCN,1
1,Friday,2024-02-16 00:00:00,2024-02-16_MAD-BCN,763,3.2606837606837606,763,763,1297,1297,234,"58,83 %",763,Cerveza,1,MAD-BCN,1
3,Friday,2024-02-16 00:00:00,2024-02-16_MAD-PMI,1707,27.095238095238095,1707,1707,1658,1658,63,"102,96 %",569,Cerveza,1,MAD-PMI,1
3,Friday,2024-02-23 00:00:00,2024-02-23_BCN-MAD,2529,10.854077253218884,2529,2529,727,727,233,"347,87 %",843,Café,1,BCN-MAD,1
1,Friday,2024-02-23 00:00:00,2024-02-23_MAD-BCN,38,0.17592592592592593,38,38,1607,1607,216,"2,36 %",38,Agua,1,MAD-BCN,1
1,Friday,2024-02-23 00:00:00,2024-02-23_MAD-BCN,167,1.3577235772357723,167,167,999,999,123,"16,72 %",167,Bocadillo,1,MAD-BCN,1
2,Friday,2024-02-23 00:00:00,2024-02-23_MAD-PMI,1382,9.597222222222221,1382,1382,1512,1512,144,"91,40 %",691,Agua,1,MAD-PMI,1
3,Friday,2024-03-01 00:00:00,2024-03-01_BCN-MAD,2064,12.433734939759036,2064,2064,1908,1908,166,"108,18 %",688,Cerveza,1,BCN-MAD,1
3,Friday,2024-03-01 00:00:00,2024-03-01_BCN-MAD,2757,12.039301310043669,2757,2757,1379,1379,229,"199,93 %",919,Refresco,1,BCN-MAD,1
1,Friday,2024-03-01 00:00:00,2024-03-01_MAD-BCN,792,9.209302325581396,792,792,1155,1155,86,"68,57 %",792,Agua,1,MAD-BCN,1
2,Friday,2024-03-01 00:00:00,2024-03-01_PMI-MAD,2214,14.66225165562914,2214,2214,1469,1469,151,"150,71 %",1107,Refresco,1,PMI-MAD,1
5,Friday,2024-03-08 00:00:00,2024-03-08_BCN-MAD,1348.5,9.771739130434783,2697,2697,3677,3677,276,"73,35 %",965,Café,1,BCN-MAD,2
1,Friday,2024-03-08 00:00:00,2024-03-08_BCN-MAD,1057,12.890243902439025,1057,1057,753,753,82,"140,37 %",1057,Snack,1,BCN-MAD,1
2,Friday,2024-03-08 00:00:00,2024-03-08_MAD-BCN,2024,8.433333333333334,2024,2024,1651,1651,240,"122,59 %",1012,Bocadillo,1,MAD-BCN,1
4,Friday,2024-03-15 00:00:00,2024-03-15_BCN-MAD,1370,17.792207792207794,2740,2740,2753,2753,154,"99,53 %",1370,Café,1,BCN-MAD,2
3,Friday,2024-03-15 00:00:00,2024-03-15_MAD-BCN,2787,21.944881889763778,2787,2787,1105,1105,127,"252,22 %",929,Café,1,MAD-BCN,1
3,Friday,2024-03-15 00:00:00,2024-03-15_MAD-PMI,1611,8.569148936170214,1611,1611,1128,1128,188,"142,82 %",537,Agua,1,MAD-PMI,1
1,Friday,2024-03-22 00:00:00,2024-03-22_BCN-MAD,1152,16.941176470588236,1152,1152,1046,1046,68,"110,13 %",1152,Agua,1,BCN-MAD,1
1,Friday,2024-03-22 00:00:00,2024-03-22_BCN-MAD,861,5.554838709677419,861,861,1322,1322,155,"65,13 %",861,Cerveza,1,BCN-MAD,1
2,Friday,2024-03-22 00:00:00,2024-03-22_MAD-BCN,182,0.7309236947791165,182,182,964,964,249,"18,88 %",91,Snack,1,MAD-BCN,1
1,Friday,2024-03-22 00:00:00,2024-03-22_PMI-MAD,559,7.554054054054054,559,559,1125,1125,74,"49,69 %",559,Refresco,1,PMI-MAD,1
2,Friday,2024-03-29 00:00:00,2024-03-29_BCN-MAD,2108,20.26923076923077,2108,2108,1175,1175,104,"179,40 %",1054,Snack,1,BCN-MAD,1
2,Friday,2024-03-29 00:00:00,2024-03-29_MAD-PMI,2142,16.6046511627907,2142,2142,1706,1706,129,"125,56 %",1071,Snack,1,MAD-PMI,1
2,Friday,2024-03-29 00:00:00,2024-03-29_PMI-MAD,574,5.519230769230769,574,574,1135,1135,104,"50,57 %",287,Bocadillo,1,PMI-MAD,1
1,Friday,2024-03-29 00:00:00,2024-03-29_PMI-MAD,418,1.841409691629956,418,418,1328,1328,227,"31,48 %",418,Cerveza,1,PMI-MAD,1
2,Monday,2024-01-01 00:00:00,2024-01-01_MAD-PMI,224,1.7099236641221374,224,224,1052,1052,131,"21,29 %",112,Snack,1,MAD-PMI,1
1,Monday,2024-01-01 00:00:00,2024-01-01_PMI-MAD,876,10.305882352941177,876,876,1538,1538,85,"56,96 %",876,Agua,1,PMI-MAD,1
2,Monday,2024-01-01 00:00:00,2024-01-01_PMI-MAD,738,5.072164948453608,1476,1476,1463,1463,291,"100,89 %",1476,Bocadillo,1,PMI-MAD,2
3,Monday,2024-01-01 00:00:00,2024-01-01_PMI-MAD,3465,16.34433962264151,3465,3465,564,564,212,"614,36 %",1155,Café,1,PMI-MAD,1
3,Monday,2024-01-08 00:00:00,2024-01-08_BCN-MAD,1134,8.1,1134,1134,304,304,140,"373,03 %",378,Café,1,BCN-MAD,1
2,Monday,2024-01-08 00:00:00,2024-01-08_BCN-MAD,464,4.461538461538462,464,464,1249,1249,104,"37,15 %",232,Cerveza,1,BCN-MAD,1
2,Monday,2024-01-08 00:00:00,2024-01-08_BCN-MAD,762,10.297297297297296,762,762,883,883,74,"86,30 %",381,Refresco,1,BCN-MAD,1
2,Monday,2024-01-08 00:00:00,2024-01-08_MAD-BCN,636,2.801762114537445,636,636,810,810,227,"78,52 %",318,Café,1,MAD-BCN,1
3,Monday,2024-01-08 00:00:00,2024-01-08_MAD-BCN,2328,10.300884955752212,2328,2328,776,776,226,"300,00 %",776,Refresco,1,MAD-BCN,1
2,Monday,2024-01-15 00:00:00,2024-01-15_BCN-MAD,672,7.905882352941177,672,672,760,760,85,"88,42 %",336,Café,1,BCN-MAD,1
2,Monday,2024-01-15 00:00:00,2024-01-15_MAD-PMI,1806,13.892307692307693,1806,1806,1409,1409,130,"128,18 %",903,Agua,1,MAD-PMI,1
3,Monday,2024-01-15 00:00:00,2024-01-15_MAD-PMI,2901,11.889344262295081,2901,2901,1894,1894,244,"153,17 %",967,Café,1,MAD-PMI,1
1,Monday,2024-01-15 00:00:00,2024-01-15_MAD-PMI,591,3.160427807486631,591,591,1694,1694,187,"34,89 %",591,Cerveza,1,MAD-PMI,1
1,Monday,2024-01-15 00:00:00,2024-01-15_PMI-MAD,156,0.7255813953488373,156,156,1342,1342,215,"11,62 %",156,Café,1,PMI-MAD,1
2,Monday,2024-01-22 00:00:00,2024-01-22_BCN-MAD,1442,11.819672131147541,1442,1442,1232,1232,122,"117,05 %",721,Café,1,BCN-MAD,1
3,Monday,2024-01-22 00:00:00,2024-01-22_MAD-BCN,912,3.6923076923076925,912,912,1618,1618,247,"56,37 %",304,Bocadillo,1,MAD-BCN,1
2,Monday,2024-01-22 00:00:00,2024-01-22_MAD-PMI,2308,19.074380165289256,2308,2308,1540,1540,121,"149,87 %",1154,Bocadillo,1,MAD-PMI,1
2,Monday,2024-01-22 00:00:00,2024-01-22_MAD-PMI,672,3.2941176470588234,672,672,1825,1825,204,"36,82 %",336,Refresco,1,MAD-PMI,1
3,Monday,2024-01-22 00:00:00,2024-01-22_PMI-MAD,744,3.3214285714285716,744,744,1142,1142,224,"65,15 %",248,Café,1,PMI-MAD,1
3,Monday,2024-01-29 00:00:00,2024-01-29_BCN-MAD,150,0.8670520231213873,150,150,398,398,173,"37,69 %",50,Agua,1,BCN-MAD,1
1,Monday,2024-01-29 00:00:00,2024-01-29_MAD-BCN,1052,5.36734693877551,1052,1052,550,550,196,"191,27 %",1052,Agua,1,MAD-BCN,1
3,Monday,2024-01-29 00:00:00,2024-01-29_PMI-MAD,303,2.312977099236641,303,303,1251,1251,131,"24,22 %",101,Agua,1,PMI-MAD,1
1,Monday,2024-01-29 00:00:00,2024-01-29_PMI-MAD,605,8.642857142857142,605,605,533,533,70,"113,51 %",605,Refresco,1,PMI-MAD,1
3,Monday,2024-01-29 00:00:00,2024-01-29_PMI-MAD,2241,9.109756097560975,2241,2241,407,407,246,"550,61 %",747,Snack,1,PMI-MAD,1
5,Monday,2024-02-05 00:00:00,2024-02-05_BCN-MAD,2488.5,13.86350974930362,4977,4977,2000,2000,359,"248,85 %",2000,Agua,1,BCN-MAD,2
1,Monday,2024-02-05 00:00:00,2024-02-05_BCN-MAD,773,4.742331288343558,773,773,1537,1537,163,"50,29 %",773,Cerveza,1,BCN-MAD,1
1,Monday,2024-02-05 00:00:00,2024-02-05_MAD-BCN,1158,7.72,1158,1158,1201,1201,150,"96,42 %",1158,Cerveza,1,MAD-BCN,1
2,Monday,2024-02-05 00:00:00,2024-02-05_MAD-PMI,1388,21.6875,1388,1388,1012,1012,64,"137,15 %",694,Bocadillo,1,MAD-PMI,1
3,Monday,2024-02-12 00:00:00,2024-02-12_BCN-MAD,825,3.3266129032258065,825,825,508,508,248,"162,40 %",275,Bocadillo,1,BCN-MAD,1
3,Monday,2024-02-12 00:00:00,2024-02-12_MAD-BCN,1701,31.5,1701,1701,1446,1446,54,"117,63 %",567,Agua,1,MAD-BCN,1
3,Monday,2024-02-12 00:00:00,2024-02-12_MAD-PMI,642,3.8674698795180724,642,642,1498,1498,166,"42,86 %",214,Refresco,1,MAD-PMI,1
3,Monday,2024-02-12 00:00:00,2024-02-12_PMI-MAD,1116,6.526315789473684,1116,1116,1983,1983,171,"56,28 %",372,Café,1,PMI-MAD,1
1,Monday,2024-02-19 00:00:00,2024-02-19_BCN-MAD,631,8.302631578947368,631,631,1203,1203,76,"52,45 %",631,Bocadillo,1,BCN-MAD,1
3,Monday,2024-02-19 00:00:00,2024-02-19_BCN-MAD,1056,4.591304347826087,1056,1056,1119,1119,230,"94,37 %",352,Cerveza,1,BCN-MAD,1
1,Monday,2024-02-19 00:00:00,2024-02-19_MAD-BCN,417,1.7974137931034482,417,417,1037,1037,232,"40,21 %",417,Cerveza,1,MAD-BCN,1
1,Monday,2024-02-19 00:00:00,2024-02-19_PMI-MAD,541,2.292372881355932,541,541,1576,1576,236,"34,33 %",541,Agua,1,PMI-MAD,1
3,Monday,2024-02-26 00:00:00,2024-02-26_BCN-MAD,3048,16.933333333333334,3048,3048,1927,1927,180,"158,17 %",1016,Bocadillo,1,BCN-MAD,1
2,Monday,2024-02-26 00:00:00,2024-02-26_BCN-MAD,1586,28.836363636363636,1586,1586,372,372,55,"426,34 %",793,Refresco,1,BCN-MAD,1
1,Monday,2024-02-26 00:00:00,2024-02-26_MAD-PMI,818,10.225,818,818,580,580,80,"141,03 %",818,Café,1,MAD-PMI,1
1,Monday,2024-02-26 00:00:00,2024-02-26_PMI-MAD,595,2.5427350427350426,595,595,802,802,234,"74,19 %",595,Snack,1,PMI-MAD,1
3,Monday,2024-03-04 00:00:00,2024-03-04_BCN-MAD,2877,20.11888111888112,2877,2877,1573,1573,143,"182,90 %",959,Snack,1,BCN-MAD,1
3,Monday,2024-03-04 00:00:00,2024-03-04_MAD-BCN,2811,51.10909090909091,2811,2811,485,485,55,"579,59 %",937,Café,1,MAD-BCN,1
2,Monday,2024-03-04 00:00:00,2024-03-04_MAD-BCN,756,3.6878048780487807,756,756,1258,1258,205,"60,10 %",378,Cerveza,1,MAD-BCN,1
2,Monday,2024-03-04 00:00:00,2024-03-04_PMI-MAD,2250,25.862068965517242,2250,2250,530,530,87,"424,53 %",1125,Café,1,PMI-MAD,1
1,Monday,2024-03-11 00:00:00,2024-03-11_BCN-MAD,591,2.5256410256410255,591,591,1200,1200,234,"49,25 %",591,Agua,1,BCN-MAD,1
3,Monday,2024-03-11 00:00:00,2024-03-11_MAD-BCN,1143,9.605042016806722,1143,1143,1111,1111,119,"102,88 %",381,Refresco,1,MAD-BCN,1
2,Monday,2024-03-11 00:00:00,2024-03-11_PMI-MAD,1890,9.043062200956937,1890,1890,1531,1531,209,"123,45 %",945,Bocadillo,1,PMI-MAD,1
1,Monday,2024-03-11 00:00:00,2024-03-11_PMI-MAD,1188,5.969849246231155,1188,1188,951,951,199,"124,92 %",1188,Cerveza,1,PMI-MAD,1
1,Monday,2024-03-18 00:00:00,2024-03-18_BCN-MAD,814,4.522222222222222,814,814,852,852,180,"95,54 %",814,Café,1,BCN-MAD,1
1,Monday,2024-03-18 00:00:00,2024-03-18_BCN-MAD,605,3.4571428571428573,605,605,1127,1127,175,"53,68 %",605,Cerveza,1,BCN-MAD,1
4,Monday,2024-03-18 00:00:00,2024-03-18_MAD-PMI,1629,8.004914004914005,3258,3258,2045,2045,407,"159,32 %",1629,Cerveza,1,MAD-PMI,2
1,Monday,2024-03-25 00:00:00,2024-03-25_MAD-BCN,849,4.309644670050761,849,849,1489,1489,197,"57,02 %",849,Refresco,1,MAD-BCN,1
3,Monday,2024-03-25 00:00:00,2024-03-25_MAD-PMI,483,2.3676470588235294,483,483,1162,1162,204,"41,57 %",161,Café,1,MAD-PMI,1
2,Monday,2024-03-25 00:00:00,2024-03-25_MAD-PMI,1030,5.8522727272727275,1030,1030,1193,1193,176,"86,34 %",515,Refresco,1,MAD-PMI,1
2,Monday,2024-03-25 00:00:00,2024-03-25_PMI-MAD,630,2.581967213114754,630,630,851,851,244,"74,03 %",315,Café,1,PMI-MAD,1
3,Saturday,2024-01-06 00:00:00,2024-01-06_BCN-MAD,347.5,2.125382262996942,695,695,2769,2769,327,"25,10 %",437,Café,1,BCN-MAD,2
2,Saturday,2024-01-06 00:00:00,2024-01-06_BCN-MAD,732,3.2972972972972974,732,732,1574,1574,222,"46,51 %",366,Cerveza,1,BCN-MAD,1
3,Saturday,2024-01-06 00:00:00,2024-01-06_PMI-MAD,763,4.5825825825825826,1526,1526,2473,2473,333,"61,71 %",985,Agua,1,PMI-MAD,2
2,Saturday,2024-01-13 00:00:00,2024-01-13_BCN-MAD,1228,8.41095890410959,1228,1228,1712,1712,146,"71,73 %",614,Cerveza,1,BCN-MAD,1
1,Saturday,2024-01-13 00:00:00,2024-01-13_MAD-BCN,446,3.4307692307692306,446,446,992,992,130,"44,96 %",446,Agua,1,MAD-BCN,1
2,Saturday,2024-01-13 00:00:00,2024-01-13_MAD-BCN,138,0.8466257668711656,138,138,1172,1172,163,"11,77 %",69,Café,1,MAD-BCN,1
1,Saturday,2024-01-13 00:00:00,2024-01-13_MAD-BCN,172,2.8666666666666667,172,172,1953,1953,60,"8,81 %",172,Refresco,1,MAD-BCN,1
2,Saturday,2024-01-13 00:00:00,2024-01-13_PMI-MAD,744,3.234782608695652,744,744,1628,1628,230,"45,70 %",372,Refresco,1,PMI-MAD,1
2,Saturday,2024-01-20 00:00:00,2024-01-20_BCN-MAD,850,4.187192118226601,850,850,1900,1900,203,"44,74 %",425,Café,1,BCN-MAD,1
2,Saturday,2024-01-20 00:00:00,2024-01-20_BCN-MAD,1668,20.341463414634145,1668,1668,1031,1031,82,"161,78 %",834,Snack,1,BCN-MAD,1
2,Saturday,2024-01-20 00:00:00,2024-01-20_MAD-BCN,30,0.13452914798206278,30,30,543,543,223,"5,52 %",15,Cerveza,1,MAD-BCN,1
1,Saturday,2024-01-20 00:00:00,2024-01-20_MAD-BCN,75,0.32608695652173914,75,75,687,687,230,"10,92 %",75,Snack,1,MAD-BCN,1
3,Saturday,2024-01-20 00:00:00,2024-01-20_PMI-MAD,879,5.9391891891891895,879,879,1105,1105,148,"79,55 %",293,Café,1,PMI-MAD,1
2,Saturday,2024-01-27 00:00:00,2024-01-27_BCN-MAD,2192,34.25,2192,2192,1364,1364,64,"160,70 %",1096,Bocadillo,1,BCN-MAD,1
2,Saturday,2024-01-27 00:00:00,2024-01-27_BCN-MAD,46,0.2598870056497175,46,46,1508,1508,177,"3,05 %",23,Cerveza,1,BCN-MAD,1
2,Saturday,2024-01-27 00:00:00,2024-01-27_MAD-PMI,2312,19.76068376068376,2312,2312,1069,1069,117,"216,28 %",1156,Bocadillo,1,MAD-PMI,1
1,Saturday,2024-01-27 00:00:00,2024-01-27_PMI-MAD,584,4.294117647058823,584,584,1508,1508,136,"38,73 %",584,Café,1,PMI-MAD,1
3,Saturday,2024-01-27 00:00:00,2024-01-27_PMI-MAD,1869,21.988235294117647,1869,1869,762,762,85,"245,28 %",623,Refresco,1,PMI-MAD,1
2,Saturday,2024-02-03 00:00:00,2024-02-03_BCN-MAD,1962,7.879518072289157,1962,1962,458,458,249,"428,38 %",981,Agua,1,BCN-MAD,1
3,Saturday,2024-02-03 00:00:00,2024-02-03_MAD-BCN,2709,34.73076923076923,2709,2709,1546,1546,78,"175,23 %",903,Bocadillo,1,MAD-BCN,1
1,Saturday,2024-02-03 00:00:00,2024-02-03_MAD-BCN,717,3.514705882352941,717,717,823,823,204,"87,12 %",717,Café,1,MAD-BCN,1
3,Saturday,2024-02-03 00:00:00,2024-02-03_MAD-BCN,3012,23.716535433070867,3012,3012,654,654,127,"460,55 %",1004,Refresco,1,MAD-BCN,1
2,Saturday,2024-02-03 00:00:00,2024-02-03_PMI-MAD,306,4.25,306,306,1771,1771,72,"17,28 %",153,Snack,1,PMI-MAD,1
1,Saturday,2024-02-10 00:00:00,2024-02-10_BCN-MAD,764,14.415094339622641,764,764,1173,1173,53,"65,13 %",764,Cerveza,1,BCN-MAD,1
2,Saturday,2024-02-10 00:00:00,2024-02-10_MAD-BCN,2182,11.24742268041237,2182,2182,497,497,194,"439,03 %",1091,Café,1,MAD-BCN,1
1,Saturday,2024-02-10 00:00:00,2024-02-10_MAD-PMI,621,3.1683673469387754,621,621,1028,1028,196,"60,41 %",621,Agua,1,MAD-PMI,1
1,Saturday,2024-02-10 00:00:00,2024-02-10_PMI-MAD,821,5.473333333333334,821,821,1771,1771,150,"46,36 %",821,Agua,1,PMI-MAD,1
2,Saturday,2024-02-17 00:00:00,2024-02-17_BCN-MAD,346,6.784313725490196,346,346,521,521,51,"66,41 %",173,Café,1,BCN-MAD,1
2,Saturday,2024-02-17 00:00:00,2024-02-17_MAD-BCN,2264,23.34020618556701,2264,2264,1925,1925,97,"117,61 %",1132,Agua,1,MAD-BCN,1
1,Saturday,2024-02-17 00:00:00,2024-02-17_MAD-BCN,406,4.101010101010101,406,406,457,457,99,"88,84 %",406,Cerveza,1,MAD-BCN,1
2,Saturday,2024-02-17 00:00:00,2024-02-17_PMI-MAD,930,8.378378378378379,930,930,1010,1010,111,"92,08 %",465,Refresco,1,PMI-MAD,1
1,Saturday,2024-02-24 00:00:00,2024-02-24_BCN-MAD,192,2.3132530120481927,192,192,1698,1698,83,"11,31 %",192,Café,1,BCN-MAD,1
2,Saturday,2024-02-24 00:00:00,2024-02-24_BCN-MAD,1912,15.544715447154472,1912,1912,1994,1994,123,"95,89 %",956,Snack,1,BCN-MAD,1
2,Saturday,2024-02-24 00:00:00,2024-02-24_MAD-BCN,2314,9.561983471074381,2314,2314,1797,1797,242,"128,77 %",1157,Refresco,1,MAD-BCN,1
3,Saturday,2024-02-24 00:00:00,2024-02-24_MAD-PMI,321,2.675,321,321,998,998,120,"32,16 %",107,Snack,1,MAD-PMI,1
2,Saturday,2024-03-02 00:00:00,2024-03-02_BCN-MAD,2286,9.727659574468085,2286,2286,1182,1182,235,"193,40 %",1143,Agua,1,BCN-MAD,1
1,Saturday,2024-03-02 00:00:00,2024-03-02_BCN-MAD,816,7.486238532110092,816,816,1213,1213,109,"67,27 %",816,Café,1,BCN-MAD,1
1,Saturday,2024-03-02 00:00:00,2024-03-02_MAD-PMI,224,2.4086021505376345,224,224,399,399,93,"56,14 %",224,Refresco,1,MAD-PMI,1
1,Saturday,2024-03-02 00:00:00,2024-03-02_MAD-PMI,441,2.1724137931034484,441,441,1357,1357,203,"32,50 %",441,Snack,1,MAD-PMI,1
2,Saturday,2024-03-09 00:00:00,2024-03-09_BCN-MAD,1078,10.88888888888889,1078,1078,469,469,99,"229,85 %",539,Café,1,BCN-MAD,1
3,Saturday,2024-03-09 00:00:00,2024-03-09_MAD-BCN,2226,10.305555555555555,2226,2226,1212,1212,216,"183,66 %",742,Cerveza,1,MAD-BCN,1
3,Saturday,2024-03-09 00:00:00,2024-03-09_MAD-PMI,1284,7.805471124620061,2568,2568,2149,2149,329,"119,50 %",1533,Agua,1,MAD-PMI,2
2,Saturday,2024-03-16 00:00:00,2024-03-16_BCN-MAD,604,2.946341463414634,604,604,1857,1857,205,"32,53 %",302,Cerveza,1,BCN-MAD,1
1,Saturday,2024-03-16 00:00:00,2024-03-16_BCN-MAD,1011,7.06993006993007,1011,1011,1040,1040,143,"97,21 %",1011,Refresco,1,BCN-MAD,1
2,Saturday,2024-03-16 00:00:00,2024-03-16_PMI-MAD,1902,37.294117647058826,1902,1902,456,456,51,"417,11 %",951,Bocadillo,1,PMI-MAD,1
1,Saturday,2024-03-16 00:00:00,2024-03-16_PMI-MAD,273,1.3448275862068966,273,273,333,333,203,"81,98 %",273,Refresco,1,PMI-MAD,1
2,Saturday,2024-03-23 00:00:00,2024-03-23_MAD-BCN,1390,7.164948453608248,1390,1390,634,634,194,"219,24 %",695,Agua,1,MAD-BCN,1
3,Saturday,2024-03-23 00:00:00,2024-03-23_MAD-BCN,360,5.070422535211268,360,360,1019,1019,71,"35,33 %",120,Bocadillo,1,MAD-BCN,1
1,Saturday,2024-03-23 00:00:00,2024-03-23_MAD-BCN,917,4.3875598086124405,917,917,1662,1662,209,"55,17 %",917,Café,1,MAD-BCN,1
3,Saturday,2024-03-23 00:00:00,2024-03-23_MAD-BCN,1044,6.105263157894737,1044,1044,500,500,171,"208,80 %",348,Cerveza,1,MAD-BCN,1
1,Saturday,2024-03-30 00:00:00,2024-03-30_MAD-PMI,1022,13.447368421052632,1022,1022,1065,1065,76,"95,96 %",1022,Agua,1,MAD-PMI,1
3,Saturday,2024-03-30 00:00:00,2024-03-30_MAD-PMI,228,2.2028985507246377,456,456,3159,3159,207,"14,43 %",425,Cerveza,1,MAD-PMI,2
3,Saturday,2024-03-30 00:00:00,2024-03-30_PMI-MAD,2313,13.933734939759036,2313,2313,584,584,166,"396,06 %",771,Agua,1,PMI-MAD,1
1,Sunday,2024-01-07 00:00:00,2024-01-07_BCN-MAD,332,2.634920634920635,332,332,1443,1443,126,"23,01 %",332,Agua,1,BCN-MAD,1
2,Sunday,2024-01-07 00:00:00,2024-01-07_BCN-MAD,1154,5.293577981651376,1154,1154,1928,1928,218,"59,85 %",577,Café,1,BCN-MAD,1
3,Sunday,2024-01-07 00:00:00,2024-01-07_MAD-BCN,2373,10.641255605381167,2373,2373,749,749,223,"316,82 %",791,Café,1,MAD-BCN,1
3,Sunday,2024-01-07 00:00:00,2024-01-07_MAD-BCN,603,3.7222222222222223,603,603,621,621,162,"97,10 %",201,Refresco,1,MAD-BCN,1
3,Sunday,2024-01-07 00:00:00,2024-01-07_MAD-PMI,3537,55.265625,3537,3537,326,326,64,"1084,97 %",1179,Agua,1,MAD-PMI,1
2,Sunday,2024-01-14 00:00:00,2024-01-14_BCN-MAD,1314,6.19811320754717,1314,1314,301,301,212,"436,54 %",657,Snack,1,BCN-MAD,1
2,Sunday,2024-01-14 00:00:00,2024-01-14_MAD-BCN,2218,14.49673202614379,2218,2218,517,517,153,"429,01 %",1109,Bocadillo,1,MAD-BCN,1
2,Sunday,2024-01-14 00:00:00,2024-01-14_MAD-BCN,694,3.834254143646409,694,694,1826,1826,181,"38,01 %",347,Snack,1,MAD-BCN,1
1,Sunday,2024-01-14 00:00:00,2024-01-14_MAD-PMI,949,7.1893939393939394,949,949,563,563,132,"168,56 %",949,Snack,1,MAD-PMI,1
3,Sunday,2024-01-14 00:00:00,2024-01-14_PMI-MAD,321,6.42,321,321,1675,1675,50,"19,16 %",107,Snack,1,PMI-MAD,1
2,Sunday,2024-01-21 00:00:00,2024-01-21_BCN-MAD,1916,8.748858447488585,1916,1916,543,543,219,"352,85 %",958,Agua,1,BCN-MAD,1
1,Sunday,2024-01-21 00:00:00,2024-01-21_MAD-BCN,174,0.8246445497630331,174,174,1195,1195,211,"14,56 %",174,Bocadillo,1,MAD-BCN,1
2,Sunday,2024-01-21 00:00:00,2024-01-21_MAD-BCN,1416,17.06024096385542,1416,1416,552,552,83,"256,52 %",708,Snack,1,MAD-BCN,1
2,Sunday,2024-01-21 00:00:00,2024-01-21_MAD-PMI,2174,23.89010989010989,2174,2174,951,951,91,"228,60 %",1087,Refresco,1,MAD-PMI,1
3,Sunday,2024-01-21 00:00:00,2024-01-21_PMI-MAD,1278,12.17142857142857,1278,1278,1694,1694,105,"75,44 %",426,Refresco,1,PMI-MAD,1
1,Sunday,2024-01-28 00:00:00,2024-01-28_MAD-BCN,364,6.066666666666666,364,364,1916,1916,60,"19,00 %",364,Bocadillo,1,MAD-BCN,1
5,Sunday,2024-01-28 00:00:00,2024-01-28_MAD-PMI,2544,21.3781512605042,5088,5088,2901,2901,238,"175,39 %",1970,Agua,1,MAD-PMI,2
1,Sunday,2024-01-28 00:00:00,2024-01-28_PMI-MAD,453,1.986842105263158,453,453,341,341,228,"132,84 %",453,Café,1,PMI-MAD,1
3,Sunday,2024-01-28 00:00:00,2024-01-28_PMI-MAD,1656,13.463414634146341,1656,1656,1280,1280,123,"129,38 %",552,Cerveza,1,PMI-MAD,1
1,Sunday,2024-02-04 00:00:00,2024-02-04_MAD-BCN,1142,5.71,1142,1142,310,310,200,"368,39 %",1142,Agua,1,MAD-BCN,1
2,Sunday,2024-02-04 00:00:00,2024-02-04_MAD-BCN,440,3.8095238095238093,880,880,2839,2839,231,"31,00 %",880,Cerveza,1,MAD-BCN,2
3,Sunday,2024-02-04 00:00:00,2024-02-04_PMI-MAD,3267,59.4,3267,3267,1323,1323,55,"246,94 %",1089,Agua,1,PMI-MAD,1
3,Sunday,2024-02-04 00:00:00,2024-02-04_PMI-MAD,111,0.6132596685082873,111,111,1342,1342,181,"8,27 %",37,Snack,1,PMI-MAD,1
1,Sunday,2024-02-11 00:00:00,2024-02-11_MAD-PMI,745,8.975903614457831,745,745,450,450,83,"165,56 %",745,Agua,1,MAD-PMI,1
4,Sunday,2024-02-11 00:00:00,2024-02-11_MAD-PMI,373,2.4949832775919734,746,746,2447,2447,299,"30,49 %",658,Refresco,1,MAD-PMI,2
2,Sunday,2024-02-11 00:00:00,2024-02-11_PMI-MAD,838,15.236363636363636,838,838,1011,1011,55,"82,89 %",419,Refresco,1,PMI-MAD,1
3,Sunday,2024-02-18 00:00:00,2024-02-18_MAD-BCN,3507,14.19838056680162,3507,3507,338,338,247,"1037,57 %",1169,Agua,1,MAD-BCN,1
3,Sunday,2024-02-18 00:00:00,2024-02-18_MAD-BCN,3159,21.489795918367346,3159,3159,1404,1404,147,"225,00 %",1053,Refresco,1,MAD-BCN,1
2,Sunday,2024-02-18 00:00:00,2024-02-18_MAD-PMI,830,3.6244541484716155,830,830,1010,1010,229,"82,18 %",415,Agua,1,MAD-PMI,1
2,Sunday,2024-02-18 00:00:00,2024-02-18_PMI-MAD,2390,13.426966292134832,2390,2390,542,542,178,"440,96 %",1195,Café,1,PMI-MAD,1
1,Sunday,2024-02-25 00:00:00,2024-02-25_BCN-MAD,451,5.6375,451,451,559,559,80,"80,68 %",451,Bocadillo,1,BCN-MAD,1
1,Sunday,2024-02-25 00:00:00,2024-02-25_MAD-BCN,174,1.5130434782608695,174,174,1264,1264,115,"13,77 %",174,Agua,1,MAD-BCN,1
3,Sunday,2024-02-25 00:00:00,2024-02-25_MAD-BCN,195,0.8666666666666667,195,195,1611,1611,225,"12,10 %",65,Cerveza,1,MAD-BCN,1
2,Sunday,2024-02-25 00:00:00,2024-02-25_MAD-PMI,874,3.5673469387755103,874,874,1843,1843,245,"47,42 %",437,Snack,1,MAD-PMI,1
2,Sunday,2024-03-03 00:00:00,2024-03-03_BCN-MAD,80,0.43478260869565216,80,80,1899,1899,184,"4,21 %",40,Agua,1,BCN-MAD,1
1,Sunday,2024-03-03 00:00:00,2024-03-03_BCN-MAD,611,4.92741935483871,611,611,1487,1487,124,"41,09 %",611,Bocadillo,1,BCN-MAD,1
3,Sunday,2024-03-03 00:00:00,2024-03-03_MAD-BCN,1266,14.066666666666666,1266,1266,933,933,90,"135,69 %",422,Bocadillo,1,MAD-BCN,1
2,Sunday,2024-03-03 00:00:00,2024-03-03_MAD-PMI,946,5.031914893617022,946,946,1177,1177,188,"80,37 %",473,Bocadillo,1,MAD-PMI,1
3,Sunday,2024-03-10 00:00:00,2024-03-10_BCN-MAD,2784,13.989949748743719,2784,2784,1279,1279,199,"217,67 %",928,Café,1,BCN-MAD,1
3,Sunday,2024-03-10 00:00:00,2024-03-10_MAD-BCN,2763,34.111111111111114,2763,2763,1227,1227,81,"225,18 %",921,Refresco,1,MAD-BCN,1
1,Sunday,2024-03-10 00:00:00,2024-03-10_PMI-MAD,971,19.42,971,971,1026,1026,50,"94,64 %",971,Café,1,PMI-MAD,1
3,Sunday,2024-03-10 00:00:00,2024-03-10_PMI-MAD,987,5.45303867403315,987,987,1557,1557,181,"63,39 %",329,Refresco,1,PMI-MAD,1
2,Sunday,2024-03-17 00:00:00,2024-03-17_BCN-MAD,418,2.247311827956989,418,418,572,572,186,"73,08 %",209,Cerveza,1,BCN-MAD,1
2,Sunday,2024-03-17 00:00:00,2024-03-17_MAD-BCN,1710,9.243243243243244,1710,1710,658,658,185,"259,88 %",855,Agua,1,MAD-BCN,1
2,Sunday,2024-03-17 00:00:00,2024-03-17_PMI-MAD,554.5,2.6982968369829683,1109,1109,2262,2262,411,"49,03 %",1109,Snack,1,PMI-MAD,2
2,Sunday,2024-03-24 00:00:00,2024-03-24_BCN-MAD,2362,11.751243781094526,2362,2362,479,479,201,"493,11 %",1181,Café,1,BCN-MAD,1
1,Sunday,2024-03-24 00:00:00,2024-03-24_BCN-MAD,1109,9.99099099099099,1109,1109,1879,1879,111,"59,02 %",1109,Snack,1,BCN-MAD,1
2,Sunday,2024-03-24 00:00:00,2024-03-24_MAD-PMI,1152,8.170212765957446,1152,1152,1621,1621,141,"71,07 %",576,Bocadillo,1,MAD-PMI,1
3,Sunday,2024-03-24 00:00:00,2024-03-24_PMI-MAD,2346,10.811059907834101,2346,2346,841,841,217,"278,95 %",782,Snack,1,PMI-MAD,1
1,Thursday,2024-01-04 00:00:00,2024-01-04_BCN-MAD,275,1.3033175355450237,275,275,726,726,211,"37,88 %",275,Agua,1,BCN-MAD,1
1,Thursday,2024-01-04 00:00:00,2024-01-04_MAD-BCN,86,0.5657894736842105,86,86,1670,1670,152,"5,15 %",86,Snack,1,MAD-BCN,1
3,Thursday,2024-01-04 00:00:00,2024-01-04_MAD-PMI,279,3.032608695652174,279,279,578,578,92,"48,27 %",93,Café,1,MAD-PMI,1
3,Thursday,2024-01-04 00:00:00,2024-01-04_PMI-MAD,2592,12.401913875598087,2592,2592,1178,1178,209,"220,03 %",864,Café,1,PMI-MAD,1
3,Thursday,2024-01-04 00:00:00,2024-01-04_PMI-MAD,126,0.5943396226415094,126,126,1518,1518,212,"8,30 %",42,Cerveza,1,PMI-MAD,1
1,Thursday,2024-01-11 00:00:00,2024-01-11_MAD-BCN,458,3.523076923076923,458,458,1482,1482,130,"30,90 %",458,Bocadillo,1,MAD-BCN,1
2,Thursday,2024-01-11 00:00:00,2024-01-11_MAD-PMI,70,0.3553299492385787,70,70,959,959,197,"7,30 %",35,Agua,1,MAD-PMI,1
3,Thursday,2024-01-11 00:00:00,2024-01-11_MAD-PMI,1014,6.108433734939759,1014,1014,1585,1585,166,"63,97 %",338,Café,1,MAD-PMI,1
2,Thursday,2024-01-11 00:00:00,2024-01-11_PMI-MAD,1502,6.474137931034483,1502,1502,637,637,232,"235,79 %",751,Café,1,PMI-MAD,1
2,Thursday,2024-01-11 00:00:00,2024-01-11_PMI-MAD,1998,27,1998,1998,1242,1242,74,"160,87 %",999,Cerveza,1,PMI-MAD,1
1,Thursday,2024-01-18 00:00:00,2024-01-18_MAD-BCN,786,7.415094339622642,786,786,514,514,106,"152,92 %",786,Agua,1,MAD-BCN,1
1,Thursday,2024-01-18 00:00:00,2024-01-18_MAD-BCN,226,1.0462962962962963,226,226,1799,1799,216,"12,56 %",226,Refresco,1,MAD-BCN,1
2,Thursday,2024-01-18 00:00:00,2024-01-18_MAD-PMI,302,5.592592592592593,302,302,632,632,54,"47,78 %",151,Agua,1,MAD-PMI,1
1,Thursday,2024-01-18 00:00:00,2024-01-18_MAD-PMI,403,3.3583333333333334,403,403,1956,1956,120,"20,60 %",403,Cerveza,1,MAD-PMI,1
2,Thursday,2024-01-18 00:00:00,2024-01-18_MAD-PMI,1916,21.528089887640448,1916,1916,1230,1230,89,"155,77 %",958,Snack,1,MAD-PMI,1
2,Thursday,2024-01-25 00:00:00,2024-01-25_BCN-MAD,622,3.7023809523809526,622,622,694,694,168,"89,63 %",311,Refresco,1,BCN-MAD,1
1,Thursday,2024-01-25 00:00:00,2024-01-25_BCN-MAD,68,0.31336405529953915,68,68,565,565,217,"12,04 %",68,Snack,1,BCN-MAD,1
3,Thursday,2024-01-25 00:00:00,2024-01-25_MAD-PMI,858,3.830357142857143,858,858,1016,1016,224,"84,45 %",286,Café,1,MAD-PMI,1
4,Thursday,2024-01-25 00:00:00,2024-01-25_PMI-MAD,654,3.198044009779951,1308,1308,3383,3383,409,"38,66 %",654,Café,1,PMI-MAD,2
5,Thursday,2024-02-01 00:00:00,2024-02-01_BCN-MAD,1981.5,9.595641646489105,3963,3963,1734,1734,413,"228,55 %",1480,Snack,1,BCN-MAD,2
2,Thursday,2024-02-01 00:00:00,2024-02-01_MAD-BCN,1102,4.791304347826087,1102,1102,999,999,230,"110,31 %",551,Agua,1,MAD-BCN,1
2,Thursday,2024-02-01 00:00:00,2024-02-01_MAD-BCN,504,4.460176991150442,504,504,1897,1897,113,"26,57 %",252,Snack,1,MAD-BCN,1
3,Thursday,2024-02-01 00:00:00,2024-02-01_PMI-MAD,3264,18.440677966101696,3264,3264,761,761,177,"428,91 %",1088,Café,1,PMI-MAD,1
1,Thursday,2024-02-08 00:00:00,2024-02-08_MAD-BCN,418,2.1218274111675126,418,418,921,921,197,"45,39 %",418,Bocadillo,1,MAD-BCN,1
2,Thursday,2024-02-08 00:00:00,2024-02-08_MAD-BCN,154,1.6559139784946237,154,154,971,971,93,"15,86 %",77,Café,1,MAD-BCN,1
1,Thursday,2024-02-08 00:00:00,2024-02-08_MAD-PMI,397,5.025316455696203,397,397,990,990,79,"40,10 %",397,Agua,1,MAD-PMI,1
3,Thursday,2024-02-08 00:00:00,2024-02-08_PMI-MAD,3366,14.025,3366,3366,1366,1366,240,"246,41 %",1122,Café,1,PMI-MAD,1
2,Thursday,2024-02-08 00:00:00,2024-02-08_PMI-MAD,988,9.148148148148149,988,988,422,422,108,"234,12 %",494,Refresco,1,PMI-MAD,1
5,Thursday,2024-02-15 00:00:00,2024-02-15_MAD-BCN,1125.5,8.932539682539682,2251,2251,2113,2113,252,"106,53 %",874,Cerveza,1,MAD-BCN,2
1,Thursday,2024-02-15 00:00:00,2024-02-15_MAD-PMI,234,1.0883720930232559,234,234,744,744,215,"31,45 %",234,Agua,1,MAD-PMI,1
1,Thursday,2024-02-15 00:00:00,2024-02-15_MAD-PMI,321,6.173076923076923,321,321,861,861,52,"37,28 %",321,Bocadillo,1,MAD-PMI,1
1,Thursday,2024-02-22 00:00:00,2024-02-22_BCN-MAD,591,5.96969696969697,591,591,924,924,99,"63,96 %",591,Café,1,BCN-MAD,1
2,Thursday,2024-02-22 00:00:00,2024-02-22_MAD-BCN,824,3.5063829787234044,824,824,1982,1982,235,"41,57 %",412,Agua,1,MAD-BCN,1
2,Thursday,2024-02-22 00:00:00,2024-02-22_MAD-PMI,1584,6.518518518518518,1584,1584,1137,1137,243,"139,31 %",792,Agua,1,MAD-PMI,1
3,Thursday,2024-02-22 00:00:00,2024-02-22_MAD-PMI,1848,17.941747572815533,1848,1848,1023,1023,103,"180,65 %",616,Café,1,MAD-PMI,1
2,Thursday,2024-02-29 00:00:00,2024-02-29_BCN-MAD,2034,10.649214659685864,2034,2034,841,841,191,"241,85 %",1017,Bocadillo,1,BCN-MAD,1
3,Thursday,2024-02-29 00:00:00,2024-02-29_MAD-PMI,699,12.263157894736842,699,699,502,502,57,"139,24 %",233,Bocadillo,1,MAD-PMI,1
3,Thursday,2024-02-29 00:00:00,2024-02-29_MAD-PMI,678,3.3564356435643563,678,678,678,678,202,"100,00 %",226,Refresco,1,MAD-PMI,1
1,Thursday,2024-02-29 00:00:00,2024-02-29_PMI-MAD,949,5.074866310160428,949,949,1251,1251,187,"75,86 %",949,Bocadillo,1,PMI-MAD,1
3,Thursday,2024-03-07 00:00:00,2024-03-07_BCN-MAD,666,6.403846153846154,666,666,1544,1544,104,"43,13 %",222,Cerveza,1,BCN-MAD,1
1,Thursday,2024-03-07 00:00:00,2024-03-07_MAD-BCN,299,1.365296803652968,299,299,970,970,219,"30,82 %",299,Bocadillo,1,MAD-BCN,1
3,Thursday,2024-03-07 00:00:00,2024-03-07_MAD-PMI,1326,7.053191489361702,1326,1326,896,896,188,"147,99 %",442,Refresco,1,MAD-PMI,1
1,Thursday,2024-03-07 00:00:00,2024-03-07_PMI-MAD,398,1.6311475409836065,398,398,1891,1891,244,"21,05 %",398,Refresco,1,PMI-MAD,1
2,Thursday,2024-03-14 00:00:00,2024-03-14_BCN-MAD,866,13.121212121212121,866,866,505,505,66,"171,49 %",433,Snack,1,BCN-MAD,1
3,Thursday,2024-03-14 00:00:00,2024-03-14_MAD-BCN,2754,11.76923076923077,2754,2754,380,380,234,"724,74 %",918,Bocadillo,1,MAD-BCN,1
2,Thursday,2024-03-14 00:00:00,2024-03-14_PMI-MAD,1352,12.403669724770642,1352,1352,618,618,109,"218,77 %",676,Bocadillo,1,PMI-MAD,1
2,Thursday,2024-03-14 00:00:00,2024-03-14_PMI-MAD,2328,13.857142857142858,2328,2328,420,420,168,"554,29 %",1164,Cerveza,1,PMI-MAD,1
3,Thursday,2024-03-21 00:00:00,2024-03-21_BCN-MAD,3498,22.714285714285715,3498,3498,478,478,154,"731,80 %",1166,Café,1,BCN-MAD,1
1,Thursday,2024-03-21 00:00:00,2024-03-21_MAD-BCN,1148,7.220125786163522,1148,1148,1723,1723,159,"66,63 %",1148,Bocadillo,1,MAD-BCN,1
3,Thursday,2024-03-21 00:00:00,2024-03-21_MAD-PMI,1227,10.140495867768594,1227,1227,563,563,121,"217,94 %",409,Café,1,MAD-PMI,1
2,Thursday,2024-03-21 00:00:00,2024-03-21_MAD-PMI,430,6.417910447761194,430,430,934,934,67,"46,04 %",215,Cerveza,1,MAD-PMI,1
1,Thursday,2024-03-28 00:00:00,2024-03-28_BCN-MAD,1168,8.984615384615385,1168,1168,507,507,130,"230,37 %",1168,Cerveza,1,BCN-MAD,1
1,Thursday,2024-03-28 00:00:00,2024-03-28_MAD-BCN,828,9.975903614457831,828,828,1635,1635,83,"50,64 %",828,Café,1,MAD-BCN,1
2,Thursday,2024-03-28 00:00:00,2024-03-28_MAD-PMI,702,3.7945945945945945,702,702,1576,1576,185,"44,54 %",351,Refresco,1,MAD-PMI,1
3,Thursday,2024-03-28 00:00:00,2024-03-28_PMI-MAD,729,14.294117647058824,729,729,690,690,51,"105,65 %",243,Café,1,PMI-MAD,1
3,Tuesday,2024-01-02 00:00:00,2024-01-02_BCN-MAD,3138,59.20754716981132,3138,3138,1337,1337,53,"234,70 %",1046,Café,1,BCN-MAD,1
3,Tuesday,2024-01-02 00:00:00,2024-01-02_MAD-BCN,1355,9.475524475524475,2710,2710,3728,3728,286,"72,69 %",1714,Agua,1,MAD-BCN,2
1,Tuesday,2024-01-02 00:00:00,2024-01-02_MAD-BCN,324,3.6818181818181817,324,324,1215,1215,88,"26,67 %",324,Bocadillo,1,MAD-BCN,1
3,Tuesday,2024-01-02 00:00:00,2024-01-02_MAD-PMI,693,7.071428571428571,693,693,894,894,98,"77,52 %",231,Agua,1,MAD-PMI,1
1,Tuesday,2024-01-09 00:00:00,2024-01-09_BCN-MAD,107,0.8492063492063492,107,107,1818,1818,126,"5,89 %",107,Agua,1,BCN-MAD,1
1,Tuesday,2024-01-09 00:00:00,2024-01-09_BCN-MAD,993,5.338709677419355,993,993,886,886,186,"112,08 %",993,Cerveza,1,BCN-MAD,1
2,Tuesday,2024-01-09 00:00:00,2024-01-09_MAD-BCN,1208,7.694267515923567,1208,1208,561,561,157,"215,33 %",604,Snack,1,MAD-BCN,1
1,Tuesday,2024-01-09 00:00:00,2024-01-09_PMI-MAD,67,0.38953488372093026,67,67,1547,1547,172,"4,33 %",67,Agua,1,PMI-MAD,1
2,Tuesday,2024-01-09 00:00:00,2024-01-09_PMI-MAD,1894,8.850467289719626,1894,1894,713,713,214,"265,64 %",947,Cerveza,1,PMI-MAD,1
5,Tuesday,2024-01-16 00:00:00,2024-01-16_BCN-MAD,898.5,8.022321428571429,1797,1797,1272,1272,224,"141,27 %",635,Agua,1,BCN-MAD,2
2,Tuesday,2024-01-16 00:00:00,2024-01-16_MAD-BCN,2098,9.623853211009175,2098,2098,765,765,218,"274,25 %",1049,Snack,1,MAD-BCN,1
2,Tuesday,2024-01-16 00:00:00,2024-01-16_MAD-PMI,742,11.59375,742,742,387,387,64,"191,73 %",371,Café,1,MAD-PMI,1
1,Tuesday,2024-01-16 00:00:00,2024-01-16_PMI-MAD,445,6.449275362318841,445,445,341,341,69,"130,50 %",445,Café,1,PMI-MAD,1
4,Tuesday,2024-01-23 00:00:00,2024-01-23_BCN-MAD,1017,6.58252427184466,2034,2034,2507,2507,309,"81,13 %",1017,Agua,1,BCN-MAD,2
3,Tuesday,2024-01-23 00:00:00,2024-01-23_BCN-MAD,3417,18.87845303867403,3417,3417,1471,1471,181,"232,29 %",1139,Refresco,1,BCN-MAD,1
3,Tuesday,2024-01-23 00:00:00,2024-01-23_MAD-BCN,549,2.6142857142857143,549,549,791,791,210,"69,41 %",183,Cerveza,1,MAD-BCN,1
3,Tuesday,2024-01-23 00:00:00,2024-01-23_PMI-MAD,2529,11.708333333333334,2529,2529,1899,1899,216,"133,18 %",843,Café,1,PMI-MAD,1
1,Tuesday,2024-01-30 00:00:00,2024-01-30_BCN-MAD,509,2.0607287449392713,509,509,605,605,247,"84,13 %",509,Cerveza,1,BCN-MAD,1
5,Tuesday,2024-01-30 00:00:00,2024-01-30_MAD-PMI,1940,9.580246913580247,3880,3880,3000,3000,405,"129,33 %",1478,Cerveza,1,MAD-PMI,2
2,Tuesday,2024-01-30 00:00:00,2024-01-30_MAD-PMI,1992,29.294117647058822,1992,1992,1381,1381,68,"144,24 %",996,Snack,1,MAD-PMI,1
3,Tuesday,2024-01-30 00:00:00,2024-01-30_PMI-MAD,3333,43.285714285714285,3333,3333,1042,1042,77,"319,87 %",1111,Cerveza,1,PMI-MAD,1
1,Tuesday,2024-02-06 00:00:00,2024-02-06_BCN-MAD,725,2.9471544715447155,725,725,1064,1064,246,"68,14 %",725,Cerveza,1,BCN-MAD,1
1,Tuesday,2024-02-06 00:00:00,2024-02-06_BCN-MAD,313,5.305084745762712,313,313,1152,1152,59,"27,17 %",313,Refresco,1,BCN-MAD,1
3,Tuesday,2024-02-06 00:00:00,2024-02-06_BCN-MAD,642,2.828193832599119,642,642,1570,1570,227,"40,89 %",214,Snack,1,BCN-MAD,1
1,Tuesday,2024-02-06 00:00:00,2024-02-06_MAD-BCN,875,9.831460674157304,875,875,1979,1979,89,"44,21 %",875,Agua,1,MAD-BCN,1
1,Tuesday,2024-02-06 00:00:00,2024-02-06_MAD-PMI,287,1.4947916666666667,287,287,1588,1588,192,"18,07 %",287,Agua,1,MAD-PMI,1
4,Tuesday,2024-02-13 00:00:00,2024-02-13_BCN-MAD,1658,8.795755968169761,3316,3316,2289,2289,377,"144,87 %",1134,Bocadillo,1,BCN-MAD,2
2,Tuesday,2024-02-13 00:00:00,2024-02-13_MAD-PMI,1834,17.805825242718445,1834,1834,1307,1307,103,"140,32 %",917,Cerveza,1,MAD-PMI,1
1,Tuesday,2024-02-13 00:00:00,2024-02-13_MAD-PMI,382,3.4414414414414414,382,382,1194,1194,111,"31,99 %",382,Refresco,1,MAD-PMI,1
1,Tuesday,2024-02-20 00:00:00,2024-02-20_BCN-MAD,552,3.4074074074074074,552,552,1781,1781,162,"30,99 %",552,Refresco,1,BCN-MAD,1
2,Tuesday,2024-02-20 00:00:00,2024-02-20_MAD-BCN,1532,8.606741573033707,1532,1532,1505,1505,178,"101,79 %",766,Café,1,MAD-BCN,1
3,Tuesday,2024-02-20 00:00:00,2024-02-20_MAD-PMI,1164,10.777777777777779,1164,1164,466,466,108,"249,79 %",388,Snack,1,MAD-PMI,1
2,Tuesday,2024-02-20 00:00:00,2024-02-20_PMI-MAD,2242,14.946666666666667,2242,2242,433,433,150,"517,78 %",1121,Cerveza,1,PMI-MAD,1
1,Tuesday,2024-02-27 00:00:00,2024-02-27_BCN-MAD,455,4.46078431372549,455,455,844,844,102,"53,91 %",455,Bocadillo,1,BCN-MAD,1
2,Tuesday,2024-02-27 00:00:00,2024-02-27_MAD-PMI,512,4.697247706422019,512,512,1301,1301,109,"39,35 %",256,Agua,1,MAD-PMI,1
2,Tuesday,2024-02-27 00:00:00,2024-02-27_MAD-PMI,502,3.891472868217054,502,502,1190,1190,129,"42,18 %",251,Bocadillo,1,MAD-PMI,1
1,Tuesday,2024-02-27 00:00:00,2024-02-27_PMI-MAD,1169,5.5933014354066986,1169,1169,455,455,209,"256,92 %",1169,Refresco,1,PMI-MAD,1
1,Tuesday,2024-03-05 00:00:00,2024-03-05_MAD-BCN,76,0.49673202614379086,76,76,472,472,153,"16,10 %",76,Agua,1,MAD-BCN,1
2,Tuesday,2024-03-05 00:00:00,2024-03-05_MAD-BCN,594,4.183098591549296,594,594,1960,1960,142,"30,31 %",297,Refresco,1,MAD-BCN,1
2,Tuesday,2024-03-05 00:00:00,2024-03-05_MAD-PMI,1724,20.28235294117647,1724,1724,1973,1973,85,"87,38 %",862,Café,1,MAD-PMI,1
3,Tuesday,2024-03-05 00:00:00,2024-03-05_PMI-MAD,54,0.3016759776536313,54,54,451,451,179,"11,97 %",18,Bocadillo,1,PMI-MAD,1
1,Tuesday,2024-03-12 00:00:00,2024-03-12_BCN-MAD,119,1.1782178217821782,119,119,1226,1226,101,"9,71 %",119,Agua,1,BCN-MAD,1
1,Tuesday,2024-03-12 00:00:00,2024-03-12_BCN-MAD,959,4.01255230125523,959,959,1601,1601,239,"59,90 %",959,Café,1,BCN-MAD,1
2,Tuesday,2024-03-12 00:00:00,2024-03-12_MAD-PMI,1446,6.342105263157895,1446,1446,1377,1377,228,"105,01 %",723,Refresco,1,MAD-PMI,1
3,Tuesday,2024-03-12 00:00:00,2024-03-12_PMI-MAD,3324,19.785714285714285,3324,3324,600,600,168,"554,00 %",1108,Cerveza,1,PMI-MAD,1
3,Tuesday,2024-03-19 00:00:00,2024-03-19_BCN-MAD,3258,15.367924528301886,3258,3258,1883,1883,212,"173,02 %",1086,Bocadillo,1,BCN-MAD,1
3,Tuesday,2024-03-19 00:00:00,2024-03-19_MAD-BCN,1653,21.467532467532468,1653,1653,1495,1495,77,"110,57 %",551,Bocadillo,1,MAD-BCN,1
2,Tuesday,2024-03-19 00:00:00,2024-03-19_MAD-BCN,2374,31.236842105263158,2374,2374,1959,1959,76,"121,18 %",1187,Refresco,1,MAD-BCN,1
2,Tuesday,2024-03-19 00:00:00,2024-03-19_PMI-MAD,1698,9.988235294117647,1698,1698,1856,1856,170,"91,49 %",849,Bocadillo,1,PMI-MAD,1
3,Tuesday,2024-03-26 00:00:00,2024-03-26_BCN-MAD,222,0.9173553719008265,222,222,1646,1646,242,"13,49 %",74,Snack,1,BCN-MAD,1
3,Tuesday,2024-03-26 00:00:00,2024-03-26_MAD-BCN,921,4.796875,921,921,691,691,192,"133,29 %",307,Snack,1,MAD-BCN,1
5,Tuesday,2024-03-26 00:00:00,2024-03-26_MAD-PMI,2035.5,9.977941176470589,4071,4071,2894,2894,408,"140,67 %",1485,Cerveza,1,MAD-PMI,2
3,Wednesday,2024-01-03 00:00:00,2024-01-03_MAD-BCN,3582,19.258064516129032,3582,3582,940,940,186,"381,06 %",1194,Agua,1,MAD-BCN,1
1,Wednesday,2024-01-03 00:00:00,2024-01-03_MAD-BCN,567,3.0483870967741935,567,567,1228,1228,186,"46,17 %",567,Bocadillo,1,MAD-BCN,1
1,Wednesday,2024-01-03 00:00:00,2024-01-03_MAD-BCN,1023,14.013698630136986,1023,1023,1795,1795,73,"56,99 %",1023,Cerveza,1,MAD-BCN,1
2,Wednesday,2024-01-03 00:00:00,2024-01-03_MAD-PMI,842,7.724770642201835,842,842,1418,1418,109,"59,38 %",421,Refresco,1,MAD-PMI,1
1,Wednesday,2024-01-03 00:00:00,2024-01-03_PMI-MAD,1026,19.358490566037737,1026,1026,771,771,53,"133,07 %",1026,Bocadillo,1,PMI-MAD,1
2,Wednesday,2024-01-10 00:00:00,2024-01-10_BCN-MAD,406,3.2222222222222223,406,406,1763,1763,126,"23,03 %",203,Café,1,BCN-MAD,1
1,Wednesday,2024-01-10 00:00:00,2024-01-10_MAD-BCN,612,6.375,612,612,1178,1178,96,"51,95 %",612,Agua,1,MAD-BCN,1
2,Wednesday,2024-01-10 00:00:00,2024-01-10_MAD-BCN,464,3.36231884057971,464,464,745,745,138,"62,28 %",232,Snack,1,MAD-BCN,1
3,Wednesday,2024-01-10 00:00:00,2024-01-10_MAD-PMI,276,1.4375,276,276,382,382,192,"72,25 %",92,Café,1,MAD-PMI,1
3,Wednesday,2024-01-10 00:00:00,2024-01-10_PMI-MAD,2943,30.34020618556701,2943,2943,1813,1813,97,"162,33 %",981,Refresco,1,PMI-MAD,1
2,Wednesday,2024-01-17 00:00:00,2024-01-17_BCN-MAD,608,11.25925925925926,608,608,1241,1241,54,"48,99 %",304,Bocadillo,1,BCN-MAD,1
5,Wednesday,2024-01-17 00:00:00,2024-01-17_MAD-BCN,1086.5,6.898412698412699,2173,2173,1726,1726,315,"125,90 %",992,Agua,1,MAD-BCN,2
2,Wednesday,2024-01-17 00:00:00,2024-01-17_MAD-PMI,1396,8.948717948717949,1396,1396,668,668,156,"208,98 %",698,Bocadillo,1,MAD-PMI,1
1,Wednesday,2024-01-17 00:00:00,2024-01-17_PMI-MAD,991,11.797619047619047,991,991,537,537,84,"184,54 %",991,Refresco,1,PMI-MAD,1
1,Wednesday,2024-01-24 00:00:00,2024-01-24_BCN-MAD,336,3.0545454545454547,336,336,1305,1305,110,"25,75 %",336,Café,1,BCN-MAD,1
2,Wednesday,2024-01-24 00:00:00,2024-01-24_MAD-BCN,1378,10.360902255639099,1378,1378,1026,1026,133,"134,31 %",689,Agua,1,MAD-BCN,1
2,Wednesday,2024-01-24 00:00:00,2024-01-24_MAD-BCN,1592,7.37037037037037,1592,1592,1711,1711,216,"93,05 %",796,Snack,1,MAD-BCN,1
1,Wednesday,2024-01-24 00:00:00,2024-01-24_MAD-PMI,1145,7.633333333333334,1145,1145,1809,1809,150,"63,29 %",1145,Cerveza,1,MAD-PMI,1
3,Wednesday,2024-01-24 00:00:00,2024-01-24_PMI-MAD,2934,17.464285714285715,2934,2934,564,564,168,"520,21 %",978,Snack,1,PMI-MAD,1
1,Wednesday,2024-01-31 00:00:00,2024-01-31_MAD-BCN,369,5.765625,369,369,1287,1287,64,"28,67 %",369,Agua,1,MAD-BCN,1
2,Wednesday,2024-01-31 00:00:00,2024-01-31_MAD-BCN,44,0.4835164835164835,44,44,1032,1032,91,"4,26 %",22,Cerveza,1,MAD-BCN,1
2,Wednesday,2024-01-31 00:00:00,2024-01-31_MAD-BCN,468,1.941908713692946,468,468,1133,1133,241,"41,31 %",234,Refresco,1,MAD-BCN,1
3,Wednesday,2024-01-31 00:00:00,2024-01-31_MAD-PMI,1074,14.131578947368421,1074,1074,334,334,76,"321,56 %",358,Refresco,1,MAD-PMI,1
1,Wednesday,2024-01-31 00:00:00,2024-01-31_MAD-PMI,823,4.757225433526012,823,823,699,699,173,"117,74 %",823,Snack,1,MAD-PMI,1
3,Wednesday,2024-02-07 00:00:00,2024-02-07_BCN-MAD,594,6.319148936170213,594,594,1057,1057,94,"56,20 %",198,Café,1,BCN-MAD,1
1,Wednesday,2024-02-07 00:00:00,2024-02-07_BCN-MAD,415,2.6948051948051948,415,415,646,646,154,"64,24 %",415,Snack,1,BCN-MAD,1
4,Wednesday,2024-02-07 00:00:00,2024-02-07_MAD-PMI,2010,11.485714285714286,4020,4020,3002,3002,350,"133,91 %",2010,Snack,1,MAD-PMI,2
2,Wednesday,2024-02-07 00:00:00,2024-02-07_PMI-MAD,726,5.338235294117647,726,726,1956,1956,136,"37,12 %",363,Refresco,1,PMI-MAD,1
3,Wednesday,2024-02-14 00:00:00,2024-02-14_BCN-MAD,1914,10.516483516483516,1914,1914,445,445,182,"430,11 %",638,Agua,1,BCN-MAD,1
3,Wednesday,2024-02-14 00:00:00,2024-02-14_MAD-BCN,348,3.782608695652174,348,348,1368,1368,92,"25,44 %",116,Bocadillo,1,MAD-BCN,1
2,Wednesday,2024-02-14 00:00:00,2024-02-14_MAD-BCN,384,2.0317460317460316,384,384,1968,1968,189,"19,51 %",192,Snack,1,MAD-BCN,1
3,Wednesday,2024-02-14 00:00:00,2024-02-14_MAD-PMI,1458,14.727272727272727,1458,1458,376,376,99,"387,77 %",486,Cerveza,1,MAD-PMI,1
1,Wednesday,2024-02-21 00:00:00,2024-02-21_BCN-MAD,882,5.345454545454546,882,882,1376,1376,165,"64,10 %",882,Agua,1,BCN-MAD,1
1,Wednesday,2024-02-21 00:00:00,2024-02-21_MAD-PMI,1125,4.573170731707317,1125,1125,1101,1101,246,"102,18 %",1125,Cerveza,1,MAD-PMI,1
3,Wednesday,2024-02-21 00:00:00,2024-02-21_MAD-PMI,1743,10.133720930232558,1743,1743,1868,1868,172,"93,31 %",581,Snack,1,MAD-PMI,1
2,Wednesday,2024-02-21 00:00:00,2024-02-21_PMI-MAD,2276,32.98550724637681,2276,2276,1027,1027,69,"221,62 %",1138,Café,1,PMI-MAD,1
2,Wednesday,2024-02-28 00:00:00,2024-02-28_BCN-MAD,714,13.471698113207546,714,714,1740,1740,53,"41,03 %",357,Refresco,1,BCN-MAD,1
3,Wednesday,2024-02-28 00:00:00,2024-02-28_PMI-MAD,354,3.504950495049505,354,354,1684,1684,101,"21,02 %",118,Agua,1,PMI-MAD,1
5,Wednesday,2024-02-28 00:00:00,2024-02-28_PMI-MAD,2059,13.865319865319865,4118,4118,3592,3592,297,"114,64 %",1633,Bocadillo,1,PMI-MAD,2
3,Wednesday,2024-03-06 00:00:00,2024-03-06_BCN-MAD,1926,26.383561643835616,1926,1926,489,489,73,"393,87 %",642,Bocadillo,1,BCN-MAD,1
2,Wednesday,2024-03-06 00:00:00,2024-03-06_BCN-MAD,454,2.9673202614379086,454,454,1120,1120,153,"40,54 %",227,Café,1,BCN-MAD,1
3,Wednesday,2024-03-06 00:00:00,2024-03-06_MAD-BCN,2268,9.108433734939759,2268,2268,1441,1441,249,"157,39 %",756,Snack,1,MAD-BCN,1
3,Wednesday,2024-03-06 00:00:00,2024-03-06_PMI-MAD,3039,12.768907563025211,3039,3039,358,358,238,"848,88 %",1013,Refresco,1,PMI-MAD,1
3,Wednesday,2024-03-13 00:00:00,2024-03-13_BCN-MAD,963,8.8348623853211,963,963,733,733,109,"131,38 %",321,Agua,1,BCN-MAD,1
1,Wednesday,2024-03-13 00:00:00,2024-03-13_BCN-MAD,685,12.232142857142858,685,685,629,629,56,"108,90 %",685,Cerveza,1,BCN-MAD,1
3,Wednesday,2024-03-13 00:00:00,2024-03-13_MAD-BCN,1383,5.621951219512195,1383,1383,1267,1267,246,"109,16 %",461,Café,1,MAD-BCN,1
3,Wednesday,2024-03-13 00:00:00,2024-03-13_PMI-MAD,2994,22.34328358208955,2994,2994,676,676,134,"442,90 %",998,Cerveza,1,PMI-MAD,1
2,Wednesday,2024-03-20 00:00:00,2024-03-20_MAD-BCN,1714,8.973821989528796,1714,1714,980,980,191,"174,90 %",857,Bocadillo,1,MAD-BCN,1
2,Wednesday,2024-03-20 00:00:00,2024-03-20_MAD-BCN,906,8.017699115044248,906,906,901,901,113,"100,55 %",453,Café,1,MAD-BCN,1
1,Wednesday,2024-03-20 00:00:00,2024-03-20_MAD-PMI,537,5.37,537,537,1430,1430,100,"37,55 %",537,Snack,1,MAD-PMI,1
3,Wednesday,2024-03-20 00:00:00,2024-03-20_PMI-MAD,774,3.9692307692307693,774,774,1271,1271,195,"60,90 %",258,Refresco,1,PMI-MAD,1
3,Wednesday,2024-03-27 00:00:00,2024-03-27_MAD-PMI,51,0.2712765957446808,51,51,1923,1923,188,"2,65 %",17,Bocadillo,1,MAD-PMI,1
1,Wednesday,2024-03-27 00:00:00,2024-03-27_MAD-PMI,669,2.921397379912664,669,669,1277,1277,229,"52,39 %",669,Café,1,MAD-PMI,1
2,Wednesday,2024-03-27 00:00:00,2024-03-27_MAD-PMI,2094,9.971428571428572,2094,2094,743,743,210,"281,83 %",1047,Cerveza,1,MAD-PMI,1
2,Wednesday,2024-03-27 00:00:00,2024-03-27_PMI-MAD,1834,13.194244604316546,1834,1834,901,901,139,"203,55 %",917,Snack,1,PMI-MAD,1
